{
	"folders": {},
	"connections": {
		"oracle_thin-190fc8fc480-1ceecfda3e2d0ffb": {
			"provider": "oracle",
			"driver": "oracle_thin",
			"name": "localhost",
			"save-password": true,
			"configuration": {
				"host": "localhost",
				"port": "1521",
				"database": "XE",
				"url": "jdbc:oracle:thin:@//localhost:1521/XE",
				"configurationType": "MANUAL",
				"home": "C:\\oraclexe\\app\\oracle\\product\\11.2.0\\server",
				"type": "dev",
				"closeIdleConnection": true,
				"provider-properties": {
					"@dbeaver-connection-type@": "BASIC",
					"@dbeaver-sid-service@": "SERVICE"
				},
				"auth-model": "oracle_native"
			}
		}
	},
	"virtual-models": {"oracle_thin-190fc8fc480-1ceecfda3e2d0ffb":{"SCOTT":{"@properties":{"erd.diagram.state":{"serialized":"\u003cdiagram version\u003d\"1\" name\u003d\"empty\" time\u003d\"202407311330\"\u003e\u003centities\u003e\u003cdata-source id\u003d\"oracle_thin-190fc8fc480-1ceecfda3e2d0ffb\"\u003e\u003centity id\u003d\"1\" name\u003d\"BONUS\" fq-name\u003d\"SCOTT.BONUS\" order\u003d\"0\" font\u003d\"Segoe UI:9:0\" x\u003d\"245\" y\u003d\"1081\"\u003e\u003cpath name\u003d\"SCOTT\"/\u003e\u003c/entity\u003e\u003centity id\u003d\"2\" name\u003d\"DEPT\" fq-name\u003d\"SCOTT.DEPT\" order\u003d\"7\" font\u003d\"Segoe UI:9:0\" x\u003d\"245\" y\u003d\"853\"\u003e\u003cpath name\u003d\"SCOTT\"/\u003e\u003c/entity\u003e\u003centity id\u003d\"3\" name\u003d\"EMP\" fq-name\u003d\"SCOTT.EMP\" order\u003d\"8\" font\u003d\"Segoe UI:9:0\" x\u003d\"40\" y\u003d\"793\"\u003e\u003cpath name\u003d\"SCOTT\"/\u003e\u003c/entity\u003e\u003centity id\u003d\"4\" name\u003d\"SALGRADE\" fq-name\u003d\"SCOTT.SALGRADE\" order\u003d\"9\" font\u003d\"Segoe UI:9:0\" x\u003d\"40\" y\u003d\"1093\"\u003e\u003cpath name\u003d\"SCOTT\"/\u003e\u003c/entity\u003e\u003centity id\u003d\"5\" name\u003d\"TBL_CARD\" fq-name\u003d\"SCOTT.TBL_CARD\" order\u003d\"1\" font\u003d\"Segoe UI:9:0\" x\u003d\"453\" y\u003d\"659\"\u003e\u003cpath name\u003d\"SCOTT\"/\u003e\u003c/entity\u003e\u003centity id\u003d\"6\" name\u003d\"TBL_COMPANY\" fq-name\u003d\"SCOTT.TBL_COMPANY\" order\u003d\"2\" font\u003d\"Segoe UI:9:0\" x\u003d\"245\" y\u003d\"40\"\u003e\u003cpath name\u003d\"SCOTT\"/\u003e\u003c/entity\u003e\u003centity id\u003d\"7\" name\u003d\"TBL_PAYMENT\" fq-name\u003d\"SCOTT.TBL_PAYMENT\" order\u003d\"3\" font\u003d\"Segoe UI:9:0\" x\u003d\"40\" y\u003d\"448\"\u003e\u003cpath name\u003d\"SCOTT\"/\u003e\u003c/entity\u003e\u003centity id\u003d\"8\" name\u003d\"TBL_PRODUCT\" fq-name\u003d\"SCOTT.TBL_PRODUCT\" order\u003d\"4\" font\u003d\"Segoe UI:9:0\" x\u003d\"245\" y\u003d\"244\"\u003e\u003cpath name\u003d\"SCOTT\"/\u003e\u003c/entity\u003e\u003centity id\u003d\"9\" name\u003d\"TBL_SAVE\" fq-name\u003d\"SCOTT.TBL_SAVE\" order\u003d\"5\" font\u003d\"Segoe UI:9:0\" x\u003d\"685\" y\u003d\"431\"\u003e\u003cpath name\u003d\"SCOTT\"/\u003e\u003c/entity\u003e\u003centity id\u003d\"10\" name\u003d\"TBL_USER\" fq-name\u003d\"SCOTT.TBL_USER\" order\u003d\"6\" font\u003d\"Segoe UI:9:0\" x\u003d\"300\" y\u003d\"418\"\u003e\u003cpath name\u003d\"SCOTT\"/\u003e\u003c/entity\u003e\u003c/data-source\u003e\u003c/entities\u003e\u003crelations\u003e\u003crelation name\u003d\"FK_DEPTNO\" fq-name\u003d\"SCOTT.EMP.FK_DEPTNO\" type\u003d\"fk\" pk-ref\u003d\"2\" fk-ref\u003d\"3\"/\u003e\u003crelation name\u003d\"FK_PAYMENT_CARD\" fq-name\u003d\"SCOTT.TBL_PAYMENT.FK_PAYMENT_CARD\" type\u003d\"fk\" pk-ref\u003d\"5\" fk-ref\u003d\"7\"/\u003e\u003crelation name\u003d\"FK_SAVE_CARD\" fq-name\u003d\"SCOTT.TBL_SAVE.FK_SAVE_CARD\" type\u003d\"fk\" pk-ref\u003d\"5\" fk-ref\u003d\"9\"/\u003e\u003crelation name\u003d\"FK_USER_CARD\" fq-name\u003d\"SCOTT.TBL_USER.FK_USER_CARD\" type\u003d\"fk\" pk-ref\u003d\"5\" fk-ref\u003d\"10\"/\u003e\u003crelation name\u003d\"FK_PAYMENT_COMPANY\" fq-name\u003d\"SCOTT.TBL_PAYMENT.FK_PAYMENT_COMPANY\" type\u003d\"fk\" pk-ref\u003d\"6\" fk-ref\u003d\"7\"/\u003e\u003crelation name\u003d\"FK_PAYMENT_PRODUCT\" fq-name\u003d\"SCOTT.TBL_PAYMENT.FK_PAYMENT_PRODUCT\" type\u003d\"fk\" pk-ref\u003d\"8\" fk-ref\u003d\"7\"/\u003e\u003crelation name\u003d\"FK_PAYMENT_USER\" fq-name\u003d\"SCOTT.TBL_PAYMENT.FK_PAYMENT_USER\" type\u003d\"fk\" pk-ref\u003d\"10\" fk-ref\u003d\"7\"/\u003e\u003c/relations\u003e\u003c/diagram\u003e"}}}}},
	"connection-types": {
		"dev": {
			"name": "Development",
			"color": "255,255,255",
			"description": "Regular development database",
			"auto-commit": true,
			"confirm-execute": false,
			"confirm-data-change": false,
			"smart-commit": false,
			"smart-commit-recover": true,
			"auto-close-transactions": true,
			"close-transactions-period": 1800,
			"auto-close-connections": true,
			"close-connections-period": 14400
		}
	}
}