{
	"folders": {},
	"connections": {
		"oracle_thin-1910ce3905d-d927fb958b8d772": {
			"provider": "oracle",
			"driver": "oracle_thin",
			"name": "localhost",
			"save-password": true,
			"configuration": {
				"host": "localhost",
				"port": "1521",
				"database": "XE",
				"url": "jdbc:oracle:thin:@//localhost:1521/XE",
				"configurationType": "MANUAL",
				"home": "C:\\oraclexe\\app\\oracle\\product\\11.2.0\\server",
				"type": "dev",
				"closeIdleConnection": true,
				"provider-properties": {
					"@dbeaver-connection-type@": "BASIC",
					"@dbeaver-sid-service@": "SERVICE"
				},
				"auth-model": "oracle_native"
			}
		}
	},
	"connection-types": {
		"dev": {
			"name": "Development",
			"color": "255,255,255",
			"description": "Regular development database",
			"auto-commit": true,
			"confirm-execute": false,
			"confirm-data-change": false,
			"smart-commit": false,
			"smart-commit-recover": true,
			"auto-close-transactions": true,
			"close-transactions-period": 1800,
			"auto-close-connections": true,
			"close-connections-period": 14400
		}
	}
}